<?xml version="1.0" encoding="UTF-8"?><?xml-stylesheet type='text/xsl' href='_UpgradeReport_Files/UpgradeReport.xslt'?><UpgradeLog>
<Properties><Property Name="Solution" Value="Datamart Load">
</Property><Property Name="Solution File" Value="C:\Projects\SSISPersonalTrainer\Lesson 7\Datamart Load\Datamart Load.sln">
</Property><Property Name="User Options File" Value="C:\Projects\SSISPersonalTrainer\Lesson 7\Datamart Load\Datamart Load.suo">
</Property><Property Name="Date" Value="Saturday, June 23, 2012">
</Property><Property Name="Time" Value="0:59 AM">
</Property></Properties><Event ErrorLevel="0" Project="" Source="Datamart Load.sln" Description="File successfully backed up as C:\Projects\SSISPersonalTrainer\Lesson 7\Datamart Load\Backup\Datamart Load.sln">
</Event><Event ErrorLevel="0" Project="" Source="Datamart Load.suo" Description="File successfully backed up as C:\Projects\SSISPersonalTrainer\Lesson 7\Datamart Load\Backup\Datamart Load.suo">
</Event><Event ErrorLevel="0" Project="SSIS" Source="SSIS.database" Description="File successfully backed up as C:\Projects\SSISPersonalTrainer\Lesson 7\Datamart Load\Backup\SSIS\SSIS.database">
</Event><Event ErrorLevel="0" Project="SSIS" Source="OLEDB_SQL_Destination.ds" Description="File successfully backed up as C:\Projects\SSISPersonalTrainer\Lesson 7\Datamart Load\Backup\SSIS\OLEDB_SQL_Destination.ds">
</Event><Event ErrorLevel="0" Project="SSIS" Source="OLEDB_SQL_Source.ds" Description="File successfully backed up as C:\Projects\SSISPersonalTrainer\Lesson 7\Datamart Load\Backup\SSIS\OLEDB_SQL_Source.ds">
</Event><Event ErrorLevel="0" Project="SSIS" Source="DimCourse.dtsx" Description="File successfully backed up as C:\Projects\SSISPersonalTrainer\Lesson 7\Datamart Load\Backup\SSIS\DimCourse.dtsx">
</Event><Event ErrorLevel="0" Project="SSIS" Source="DimCustomer.dtsx" Description="File successfully backed up as C:\Projects\SSISPersonalTrainer\Lesson 7\Datamart Load\Backup\SSIS\DimCustomer.dtsx">
</Event><Event ErrorLevel="0" Project="SSIS" Source="DimInstructor.dtsx" Description="File successfully backed up as C:\Projects\SSISPersonalTrainer\Lesson 7\Datamart Load\Backup\SSIS\DimInstructor.dtsx">
</Event><Event ErrorLevel="0" Project="SSIS" Source="DimSalesPerson.dtsx" Description="File successfully backed up as C:\Projects\SSISPersonalTrainer\Lesson 7\Datamart Load\Backup\SSIS\DimSalesPerson.dtsx">
</Event><Event ErrorLevel="0" Project="SSIS" Source="FactSales.dtsx" Description="File successfully backed up as C:\Projects\SSISPersonalTrainer\Lesson 7\Datamart Load\Backup\SSIS\FactSales.dtsx">
</Event><Event ErrorLevel="0" Project="SSIS" Source="Master.dtsx" Description="File successfully backed up as C:\Projects\SSISPersonalTrainer\Lesson 7\Datamart Load\Backup\SSIS\Master.dtsx">
</Event><Event ErrorLevel="0" Project="SSIS" Source="SSIS.dtproj" Description="File successfully backed up as C:\Projects\SSISPersonalTrainer\Lesson 7\Datamart Load\Backup\SSIS\SSIS.dtproj">
</Event><Event ErrorLevel="3" Project="SSIS" Source="SSIS.dtproj" Description="Converted">
</Event><Event ErrorLevel="0" Project="SSIS" Source="SSIS.dtproj" Description="Project converted successfully.">
</Event><Event ErrorLevel="0" Project="" Source="Datamart Load.sln" Description="Solution converted successfully">
</Event><Event ErrorLevel="3" Project="" Source="Datamart Load.sln" Description="Converted">
</Event></UpgradeLog>